<?xml version="1.0" encoding="UTF-8"?>
<LightningComponentBundle xmlns="http://soap.sforce.com/2006/04/metadata" fqn="dynamicRecordEditFormLWC">
    <apiVersion>52.0</apiVersion>
    <isExposed>true</isExposed>
    <targets>
        <target>lightning__FlowScreen</target>
        <target>lightning__RecordPage</target>
    </targets>
    <targetConfigs>
        <targetConfig targets="lightning__FlowScreen">
            <property name="objectApiName" type="String" label="Object Name" required="true" default="Contact"/>
            <property name="recordId" type="String" label="Record Id"/>
            <property name="fieldApiName" type="String" label="string"/>
        </targetConfig>
    </targetConfigs>
</LightningComponentBundle>