<?xml version="1.0" encoding="UTF-8"?>
<LightningComponentBundle xmlns="http://soap.sforce.com/2006/04/metadata">
    <apiVersion>58.0</apiVersion>
    <isExposed>true</isExposed>
    <targets>
        <target>lightning__FlowScreen</target>
    </targets>
    <targetConfigs>
        <targetConfig targets="lightning__FlowScreen">
            <property name="showNext" label="Show Next Button" type="Boolean" default="false"/>
            <property name="showPrevious" label="Show Previous Button" type="Boolean" default="false"/>
            <property name="showFinish" label="Show Finish Button" type="Boolean" default="false"/>
        </targetConfig>
    </targetConfigs>
</LightningComponentBundle>